prediction,avg_charging_rate_kW,avg_duration,avg_kWh,count
1,2.4961931011289975,4.494686551715144,9.190399787006674,1511340
0,7.123761211864815,1.5703007886770801,10.38098504017994,424032
2,25.009838500432473,0.4658943781559553,10.67957111699936,21988
